ID,Log2 (Validated Score),Log2 (AI Score)
seq_1,3.0990099237727144,2.5384154
seq_2,4.197311195061938,3.1028752
seq_3,1.375469155199469,3.084293
seq_4,4.278245112800778,4.564869
seq_5,0.9749154681710644,1.3722807
seq_6,3.76405931354889,3.8152695
seq_7,2.626963628489486,2.5718641
seq_8,3.5487848777933,2.2930021
seq_9,4.357636806440993,2.439503
seq_10,1.1122695259887834,1.5415906
seq_11,-0.3687150367435958,-0.348119
seq_12,3.390011154827965,1.5822247
seq_13,2.3914477568581085,2.1233377
seq_14,1.2903507894926511,2.0478601
seq_15,-0.3732500060063541,-0.20532122
seq_16,4.928308815847298,4.8787427
seq_17,-8.988979247481765e-05,-0.36612445
seq_18,4.673402462855724,4.1294966
seq_19,-0.0461156911003005,2.8296692
seq_20,3.9696603017263272,4.316225
seq_21,3.661064501294191,3.628537
seq_22,3.6034386847514006,4.016827
seq_23,4.468371293607828,3.465146
seq_24,3.715458284620525,1.8790339
seq_25,0.8962898245984631,1.6413786
seq_26,0.5979077430912301,1.6326516
seq_27,4.375528768204998,3.3608832
seq_28,2.023770267653067,1.5520184
seq_29,3.0304471366450763,3.504544
seq_30,-1.0338108229203458,-0.20339948
seq_31,3.799349892062101,4.191943
seq_32,3.1769752582675053,2.4379513
seq_33,3.9813003506156095,4.561572
seq_34,3.0054093437253955,2.8532119
seq_35,0.7067661906680532,1.1758823
seq_36,2.34459069894446,2.7958536
seq_37,0.684161054183186,1.0990844
seq_38,-0.2857981545922676,-0.11879915
seq_39,1.7012977527808004,0.055482533
seq_40,2.8798765373940056,3.1786866
seq_41,-0.7691390253501714,-0.1851205
seq_42,4.667438807032759,4.1835775
seq_43,4.3799566046860585,4.4962606
seq_44,4.708870816315854,4.7373166
seq_45,1.2083962301807991,1.4025489
seq_46,3.608220079582884,4.385349
seq_47,5.3202291998036335,4.54685
seq_48,0.4441443493231059,-0.0044111423
seq_49,2.145565424557757,2.3597937
seq_50,3.818866867045911,5.2027235
seq_51,0.1026175782580403,-0.086125195
seq_52,5.678494564520811,4.2003574
seq_53,3.5453866625900754,3.5068977
seq_54,2.764556806823823,2.8072045
seq_55,3.949790358325824,2.364172
seq_56,3.142868744229004,3.5067968
seq_57,4.011579433391298,4.699463
seq_58,4.169089783435265,4.6891975
seq_59,1.3882925983036642,1.9738113
seq_60,0.2964007817741402,2.4322205
seq_61,4.291120848234441,3.7465417
seq_62,0.2872561708726616,-0.24286368
seq_63,2.34443549290776,2.2882
seq_64,3.308717977801153,2.6434026
seq_65,4.921439077611238,4.4703255
seq_66,-0.0875664289030625,-0.252432
seq_67,3.7890101362720814,5.039192
seq_68,3.97529504584706,4.174763
seq_69,0.4099126838946696,-0.15025733
seq_70,4.844238558130874,5.1114607
seq_71,-0.5777458952444443,-0.22441658
seq_72,1.6119757425097785,1.6769544
seq_73,4.572762453165726,4.2635937
seq_74,-1.1108050757376582,-0.33240017
seq_75,2.67941870360441,2.7613115
seq_76,1.700518467666546,0.10428232
seq_77,-0.3747408208743965,0.75631857
seq_78,0.0437087824596703,-0.40775672
seq_79,0.6027715570309554,0.19702537
seq_80,5.001945355868057,4.9419565
seq_81,3.470933085311811,3.1073966
seq_82,0.421051648987749,-0.45802334
seq_83,2.938752328195919,2.671238
seq_84,4.844019914890002,5.0711956
seq_85,0.4898576527344516,0.089724675
seq_86,0.1867384135568239,0.02783224
seq_87,0.5449432896305234,0.035598006
seq_88,-0.2968937696458966,0.017199036
seq_89,1.8719665506293608,-0.458732
seq_90,0.4176587429729383,-0.1521137
seq_91,-0.0843969403124271,-0.13938405
seq_92,2.9425501342131004,4.1357336
seq_93,1.081692239776498,0.27064165
seq_94,-0.6919891232074957,0.17249864
seq_95,-0.4360212381921265,-0.09741935
seq_96,-0.0455602380737926,-0.19880922
seq_97,0.305750474998411,-0.056348946
seq_98,3.8159416430129975,4.246825
seq_99,3.8412364502287546,3.7808833
seq_100,-0.9384164658321964,-0.121476084
seq_101,5.499080712674185,4.5948553
seq_102,0.1410352354795677,-0.04648714
seq_103,0.298557753256163,-0.20089409
seq_104,5.0172557383235015,4.899911
seq_105,3.4712677755146566,2.4523487
seq_106,-0.005659967645839,-0.2898403
seq_107,0.3186937904867946,0.94991857
seq_108,3.3287628349085594,3.4914792
seq_109,1.4026863991383394,1.5204498
seq_110,4.496318246626869,4.4994836
seq_111,3.3254771212041327,2.0990913
seq_112,2.0365325250291484,1.3196441
seq_113,2.978407457598157,1.461738
seq_114,4.803113239335115,4.0396767
seq_115,-0.332611549621511,-0.17718913
seq_116,-0.6450104842478462,-0.17730035
seq_117,2.5117732414369467,2.26361
seq_118,2.4291674756821706,1.224653
seq_119,4.5312221638323615,3.60327
seq_120,4.786806717582636,3.5144227
seq_121,4.6024677946458326,4.3321996
seq_122,-0.2820928493106081,-0.093383774
seq_123,4.204963539150106,4.018484
seq_124,-0.1561753919643585,-0.015404452
seq_125,4.430994254968142,3.971589
seq_126,2.727108405785101,2.4417744
seq_127,2.155544489762635,2.3476644
seq_128,3.8691975320761,3.2945209
seq_129,3.852631778189275,4.4807224
seq_130,4.999656086265987,2.8627331
seq_131,3.817601644380476,3.781727
seq_132,5.808422970977951,5.050103
seq_133,-1.468370184058725,-0.17279974
seq_134,-1.1423233824886856,-0.19938266
seq_135,1.8962857321671327,2.0561366
seq_136,-0.3060546029155342,-0.19232455
seq_137,4.435412919687689,4.750001
seq_138,4.139602390111865,4.1827784
seq_139,3.1780530460453726,2.4426997
seq_140,2.7778996973306604,2.1740136
seq_141,0.0974193279582747,-0.23043
seq_142,2.8458894289873897,2.658672
seq_143,-0.1506025174599089,-0.2623239
seq_144,3.517005677620773,4.546443
seq_145,1.2981825440106185,1.355007
seq_146,2.4862633560716065,-0.06819464
seq_147,4.391811019074567,4.6835723
seq_148,1.633990340623247,2.3427176
seq_149,4.573988612582101,3.617208
seq_150,0.1503073603614406,1.3921654
seq_151,2.0927304301917373,2.6695888
seq_152,4.317303468667349,4.739482
seq_153,-0.5446656680967921,0.073069915
seq_154,1.9348390690892248,3.2760062
seq_155,-0.6686749891783222,-0.03558818
seq_156,3.4977510929290943,4.3837457
seq_157,4.259265919305327,4.427844
seq_158,-0.6166129065754922,0.049381126
seq_159,4.114026821635142,4.459985
seq_160,-0.5488484366359856,-0.24118772
seq_161,0.7609308695812679,-0.09591173
seq_162,1.2993067065916586,1.1718556
seq_163,-1.215671052392963,-0.3610915
seq_164,3.3498855579469136,3.9528854
seq_165,4.678375790646553,4.48048
seq_166,-0.6452717474574008,-0.2688361
seq_167,2.190520292875423,1.6370722
seq_168,3.1133448497491507,3.5567467
seq_169,-0.2817379850062456,-0.23351583
seq_170,2.898570886134176,2.0166335
seq_171,2.994898064504916,2.194066
seq_172,5.696615876166956,3.5348911
seq_173,3.542472668044686,2.5596848
seq_174,4.62973021549325,3.974945
seq_175,4.343651691660789,4.858613
seq_176,4.428792786359237,3.884005
seq_177,3.895441678794672,3.37965
seq_178,0.8147768662871736,2.44315
seq_179,4.221150251301413,3.8017967
seq_180,1.353266480944038,1.6544762
seq_181,4.150421721978025,3.3144088
seq_182,0.849050200938497,1.635646
seq_183,4.285920342067276,3.7629046
seq_184,1.381097999289994,0.06402269
seq_185,3.5138576231281564,3.4098096
seq_186,3.776937434347172,4.6583834
seq_187,3.241487255499551,3.8766026
seq_188,2.211229774568024,2.1487913
seq_189,3.09050370151234,1.752603
seq_190,-0.1821620279819449,-0.3824134
seq_191,2.591573704206882,2.540286
seq_192,2.316380242670355,1.4667708
seq_193,4.035890707603186,4.230047
seq_194,2.093185374959804,1.8681697
seq_195,1.2818890632876256,1.5521795
seq_196,2.7841717698687547,3.2728872
seq_197,3.116909818314124,3.8433073
seq_198,0.3227349048481447,-0.4119338
seq_199,1.299237533617162,1.3407675
seq_200,3.004501952955573,0.48287633
seq_201,5.144809878582,4.9563656
seq_202,3.1670388902628104,2.7489243
seq_203,-1.4919286792271589,-0.22879305
seq_204,1.277655923339869,1.2365521
seq_205,4.18801321678913,4.241795
seq_206,2.4486890783284374,2.0184178
seq_207,1.4305306608570916,2.358463
seq_208,0.0862928238664954,-0.46547154
seq_209,2.806825211178482,3.382296
seq_210,2.3270633407573644,3.0452397
seq_211,1.7986813935968125,1.9424719
seq_212,4.608816994138019,4.7706804
seq_213,4.439712670352679,4.4283104
seq_214,2.795418225678769,1.7099319
seq_215,-1.0181522857097471,0.04352037
seq_216,0.2248060719236617,0.5283882
seq_217,4.720283730282694,5.202317
seq_218,-0.6561153303226915,-0.014811415
seq_219,3.7486977311486953,4.1218796
seq_220,4.947653417055683,4.946838
seq_221,4.675950332255302,4.5821915
seq_222,-0.5576967576786563,0.089448035
seq_223,1.7572050640899548,-0.13442929
seq_224,1.2498314475782353,2.210625
seq_225,0.9203794818002492,0.2649322
seq_226,1.207876801391269,0.051668603
seq_227,-0.5694405595049402,-0.29370883
seq_228,0.1472109017586068,-0.08544144
seq_229,4.128047782274859,5.2861624
seq_230,0.5985812687670253,-0.46841606
seq_231,1.3400419937539445,1.8060951
seq_232,2.951408743472926,2.4808328
seq_233,0.8643457862255991,-0.38431326
seq_234,-0.7346175353514518,-0.24909887
seq_235,2.7388525737139915,2.9593358
seq_236,2.539200281210549,2.0590744
seq_237,2.8741624363091542,2.683547
seq_238,3.8866350556055096,3.7422504
seq_239,3.959846592328429,2.9643455
seq_240,0.3198959471747209,-0.23310894
seq_241,4.669632997115118,4.0867
seq_242,3.904654529438549,3.4389904
seq_243,0.9396880464633982,1.7422786
seq_244,2.8716741043152667,2.0695393
seq_245,2.273152930048415,2.2165346
seq_246,1.984132091660675,0.7752224
seq_247,4.3790038019211845,4.3420515
seq_248,4.868711709782716,4.000037
seq_249,1.1627027487403048,1.6396526
seq_250,1.4004700033090909,1.265529
seq_251,5.196613996513656,3.857112
seq_252,3.2202109131814765,3.942649
seq_253,3.772829779310423,4.5807
seq_254,3.852810008941631,1.7784568
seq_255,0.5907345063547721,0.005987741
seq_256,0.2280453755301833,-0.26055178
seq_257,-0.5419973838968587,-0.22119623
seq_258,-1.273487145035297,-0.27063066
seq_259,0.7325384705494035,-0.2550499
seq_260,0.8845562255274619,1.3500932
seq_261,2.5210179089676283,3.5015635
seq_262,5.297571568233226,5.0696993
seq_263,5.015373320107437,5.078292
seq_264,1.127452902549518,2.0409427
seq_265,2.5232395929229505,2.1144834
seq_266,0.3258584557779576,-0.23812363
seq_267,4.60043901205145,3.9551175
seq_268,4.681851308809474,4.3091984
seq_269,-0.0132850319147937,-0.3231602
seq_270,-0.2090992502281791,-0.11085957
seq_271,2.6167877755948816,0.03586222
seq_272,4.826306562045302,4.883624
seq_273,4.108426315493829,4.0002427
seq_274,4.8411509265203065,4.8450894
seq_275,2.200500748919181,2.149958
seq_276,2.8828423338360327,2.4868078
seq_277,4.914516982352506,3.8826573
seq_278,-1.128206995436887,0.018599208
seq_279,3.989520349085121,4.0565023
seq_280,2.989224326553605,3.6230986
seq_281,0.5663218083564309,-0.29200256
seq_282,0.939178477728365,-0.16031195
seq_283,-0.5088375522968472,-0.3124902
seq_284,-1.404357978090058,-0.38219288
seq_285,1.883766527995572,0.2229594
seq_286,4.789588522478856,4.5616817
seq_287,1.6181723050537613,-0.26880795
seq_288,3.0922439496886978,4.12562
seq_289,-0.061732921434516,-0.10019094
seq_290,4.083748229135435,5.3551884
seq_291,1.8190425539298007,2.161791
seq_292,4.216440109723066,4.6444116
seq_293,0.7680887539376378,1.920674
seq_294,0.7863482861606347,1.1336772
seq_295,3.1865246846913458,2.1089017
seq_296,5.460881242067582,5.4645844
seq_297,-0.2923469016845825,-0.27797145
seq_298,1.9005788087961133,2.0618489
seq_299,4.756038896849554,4.6305156
seq_300,0.2711188536110454,-0.22151226
seq_301,3.879284729316541,3.1781611
seq_302,0.2143501914294022,0.9522312
seq_303,3.4940362309498525,3.435645
seq_304,2.1380608944017854,2.2833705
seq_305,3.8874906031766727,4.4390764
seq_306,3.9799157309061584,3.3086905
seq_307,3.031057273546169,3.7981486
seq_308,0.3950452156947793,-0.034043875
seq_309,1.2242289257478745,1.3027822
seq_310,3.5514780400535657,3.8864875
seq_311,2.438787822555757,1.8477045
seq_312,3.844200723009912,3.609541
seq_313,2.4494298081946733,3.402718
seq_314,2.3533637736243183,2.4002037
seq_315,4.046655098574952,2.6671362
seq_316,2.3517474063723505,1.4174396
seq_317,2.7985979867356563,2.6606345
seq_318,4.183689081986523,3.0158353
seq_319,4.56566131997942,3.9344926
seq_320,0.3507579501254635,-0.18751267
seq_321,0.3704203625232932,-0.49968305
seq_322,4.066841509955546,5.0257616
seq_323,5.727969701283811,4.9996824
seq_324,4.044846977018292,4.7718573
seq_325,3.378132187182457,3.0634217
seq_326,0.3242550657725394,-0.24810138
seq_327,0.2513591187993014,-0.42962477
seq_328,5.995211676184787,4.975454
seq_329,0.6560312349418301,1.2663645
seq_330,-0.3810920156085196,-0.41683164
seq_331,-0.216488570349878,0.46191636
seq_332,0.2662531091356118,-0.12448734
seq_333,0.1897899926542522,-0.13486235
seq_334,0.1568419469701633,-0.48456654
seq_335,5.072379227606398,4.650664
seq_336,4.886903022482777,4.738736
seq_337,-0.101930760383578,-0.015320215
seq_338,-0.6705507085631274,-0.21826543
seq_339,-0.2620334571065139,-0.1396867
seq_340,-0.2342413494360556,-0.021873813
seq_341,0.1603878468254615,0.25802955
seq_342,3.3002064057774985,4.068186
seq_343,-0.3345229372153722,-0.39233953
seq_344,3.42801886779298,3.1067574
seq_345,2.7303922055394376,1.8585448
seq_346,2.865856906431467,2.392727
seq_347,4.109332929712411,2.9096932
seq_348,3.661817179055384,2.6146083
seq_349,3.718461408168307,2.9344306
seq_350,4.547996289735808,2.907117
seq_351,5.580544169231185,5.146328
seq_352,1.979018763917357,2.5309494
seq_353,1.7430399877245026,0.009141188
seq_354,-0.7663848610277766,-0.15616591
seq_355,1.636675057678957,2.8440857
seq_356,1.7946446448139632,2.0989068
seq_357,1.5373079486967611,1.861831
seq_358,0.7775767586499839,1.1223071
seq_359,2.58865729746488,3.0012937
seq_360,4.087185848130287,3.4914565
seq_361,0.8903879772218221,-0.38319755
seq_362,1.7888446762305366,-0.027009986
seq_363,1.862799794527508,0.7773192
seq_364,4.376247543319628,4.9258833
seq_365,4.90004931522449,4.119075
seq_366,3.060983815576131,3.241106
seq_367,-0.1258218600161921,-0.16828468
seq_368,-0.3888109592668414,-0.18653375
seq_369,3.044041998579001,2.493505
seq_370,0.902050383283212,1.64616
seq_371,-0.5642599518745594,-0.30082148
seq_372,1.0142275965921288,1.9794313
seq_373,0.4624512718331979,0.6799923
seq_374,-0.648423974657271,-0.26949587
seq_375,3.503786326094225,3.4406862
seq_376,2.4868117542134662,3.0718606
seq_377,4.264702158859412,3.5060618
seq_378,2.3828287702291,2.9167466
seq_379,1.4043279344951631,2.413691
seq_380,4.106209437186915,4.190501
seq_381,3.671599607106007,2.9924936
seq_382,0.5754896173475011,0.12511837
seq_383,3.102591345650876,3.6424992
seq_384,4.10396970199876,4.3761225
seq_385,3.509344484840284,3.767466
seq_386,1.900835269451349,1.0369309
seq_387,3.2695028662885783,3.5450208
seq_388,0.1829084003038345,0.9958965
seq_389,2.448158472430675,1.6444049
seq_390,3.532408536356595,2.8958492
seq_391,1.9729161643726456,-0.24087062
seq_392,2.0988165154354115,2.3417702
seq_393,3.5398301387359545,3.1207952
seq_394,4.600537711505291,4.9186563
seq_395,2.965147759505143,2.5812392
seq_396,-0.203551537282279,-0.33435735
seq_397,-0.0874655468822289,0.003951514
seq_398,3.084159445518059,2.12194
seq_399,-0.1441496988350422,0.14716604
seq_400,2.1768941897144054,2.6945837
seq_401,0.4700599958295184,-0.41712752
seq_402,5.124517005055197,4.597109
seq_403,3.2600646000448967,3.8716366
seq_404,4.247780754488256,3.0008001
seq_405,3.259306245309665,3.349603
seq_406,2.4013364245628788,3.1580503
seq_407,5.838077956755325,5.0709457
seq_408,4.307501067033662,4.277791
seq_409,4.4349524519676295,4.09863
seq_410,0.363657766697927,0.04905972
seq_411,3.780754024962533,2.8233023
seq_412,2.7516043411336804,3.401372
seq_413,3.673500573779772,2.7658522
seq_414,-0.5475381877190614,-0.4312567
seq_415,1.4306116214092963,2.0452013
seq_416,0.4493078392902537,-0.20697492
seq_417,3.0765090341256944,1.4995037
seq_418,1.486244154177205,1.4991488
seq_419,2.1889985068411573,1.8514408
seq_420,1.0556298706798335,1.3566946
seq_421,4.745087553719437,4.6614504
seq_422,0.1022815001414115,-0.30618903
seq_423,5.1036349123264895,3.574964
seq_424,4.506603197559148,4.176306
seq_425,4.125541911365725,2.731539
seq_426,3.460376886198509,4.0989337
seq_427,0.4621503766531565,1.0302286
seq_428,-0.3268210611978733,-0.21419035
seq_429,-2.367429115643423,-0.16090333
seq_430,1.2594376940144587,0.7877014
seq_431,3.600804241885315,2.735521
seq_432,-0.7392135703304206,0.616357
seq_433,-0.1640197513854425,-0.25631163
seq_434,4.293564249866301,3.732808
seq_435,5.736352632212234,4.698004
seq_436,4.103526745905497,3.6661596
seq_437,4.446357931346008,3.6200404
seq_438,2.930165503451577,2.0374722
seq_439,1.4606873781307923,2.2008765
seq_440,5.175699061738581,4.654623
seq_441,1.2103351305261447,-0.01549397
seq_442,-0.4374596068946794,-0.111315936
seq_443,-0.763743228074338,-0.039294187
seq_444,4.248989147147186,4.5999527
seq_445,4.03594878620716,3.9872978
seq_446,4.261118247901895,4.74844
seq_447,4.459285211254651,4.3291044
seq_448,5.575913417290252,4.9219475
seq_449,5.759024478260922,4.7213583
seq_450,4.742775894367488,4.54737
seq_451,1.8951029109610376,1.6061323
seq_452,0.131506771448277,-0.23713204
seq_453,0.1518719314575061,0.3124796
seq_454,0.0221410231054982,-0.28924114
seq_455,4.441669563578853,4.3190174
seq_456,3.3526647155416422,2.5853543
seq_457,1.7098879540459415,-0.20295668
seq_458,4.1454470127189404,3.8287416
seq_459,4.191037277288343,3.5751925
seq_460,0.0036595114104726,-0.34363046
seq_461,-1.5398403164840964,-0.006204482
seq_462,3.714428729888185,3.2337086
seq_463,0.2335766768353699,-0.40408435
seq_464,0.1805643625988332,-0.3712335
seq_465,3.0119663259105045,3.5374796
seq_466,1.1996382615695744,0.967537
seq_467,4.324786766662592,3.6769624
seq_468,4.15664652008726,2.4024339
seq_469,4.976950706494015,3.9271946
seq_470,2.388003947471685,2.0710568
seq_471,3.678683341485204,3.1473103
seq_472,4.516952420583872,4.4755683
seq_473,2.081437984606788,1.5962195
seq_474,2.3472283083761667,1.980143
seq_475,1.331936221780232,2.079004
seq_476,0.5103440376257024,1.2568742
seq_477,2.9031097816177387,1.5341827
seq_478,0.1156709135431089,-0.5424073
seq_479,2.6424594000902606,2.6915598
seq_480,4.318589177509868,3.4437127
seq_481,-0.304022441555436,-0.19361846
seq_482,0.7117418428539469,1.8911357
seq_483,5.20473314882966,4.2664127
seq_484,4.223744139764647,4.4184284
seq_485,4.263525291426731,4.5213156
seq_486,3.049538964484127,2.6479402
seq_487,4.43355376376854,4.8976774
seq_488,3.2017684748453057,2.5686631
seq_489,1.262585157813645,2.0311046
seq_490,0.6992805666984875,1.3702327
seq_491,-0.0629824210259635,-0.29548
seq_492,5.144582204993445,4.3468504
seq_493,5.057767556403606,4.7514844
seq_494,5.301473511908809,2.2523339
seq_495,3.2955932535727954,2.1794508
seq_496,2.961751725060384,2.958583
seq_497,3.006345884100864,2.5618854
seq_498,3.721415581995552,3.3350139
seq_499,0.5602437202952305,0.21748732
seq_500,3.647099953049129,3.174057
seq_501,3.6497674377648206,3.8338714
seq_502,2.9259485466210577,2.2740464
seq_503,4.569194436731167,4.1603165
seq_504,1.569113329189939,1.5982684
seq_505,3.846634681497193,3.0730767
seq_506,5.1131301677061165,5.145356
seq_507,1.9756971360165856,1.7188591
seq_508,3.540047050009329,4.3733206
seq_509,4.193156197348271,4.1750965
seq_510,3.1698409293303675,2.5507183
seq_511,1.2059461701520524,1.4389396
seq_512,5.441552081388367,5.1815143
seq_513,4.842306007272868,4.144446
seq_514,0.3275918172988887,-0.03466077
seq_515,-1.1362586851383352,-0.24608317
seq_516,0.053842338947462,0.20617098
seq_517,2.9077511727148413,4.1532154
seq_518,-0.530164782042592,-0.4656683
seq_519,4.4503502863475495,4.5974035
seq_520,4.714286741389137,4.758321
seq_521,4.506090038218436,4.233442
seq_522,2.188960376543928,2.597508
seq_523,1.7149186050659055,2.1574707
seq_524,-0.7854540774720066,0.2874616
seq_525,3.544143782268595,3.1676476
seq_526,0.99293559410769,1.3615193
seq_527,-0.1020800524604788,-0.21339357
seq_528,0.7686387989305169,1.237287
seq_529,4.274113361914509,4.4239492
seq_530,1.471522974449093,1.7710499
seq_531,1.9448800650323903,3.286295
seq_532,2.22192640529525,2.7361636
seq_533,-0.1717129445749755,0.12531516
seq_534,4.654322028580599,4.671335
seq_535,-0.7262036847173837,-0.45584586
seq_536,2.554618662857195,1.6898293
seq_537,3.5832554111065544,5.3103347
seq_538,-0.7300283633561668,1.697126
seq_539,3.546031111418348,3.6880693
seq_540,2.964138671499889,2.4380827
seq_541,1.0539349206561603,1.4626571
seq_542,3.398092653357068,3.373352
seq_543,3.137128259867102,-0.06915194
seq_544,-0.6645443666027798,-0.22789204
seq_545,3.103223542667521,2.7584193
seq_546,1.328817432455482,2.198287
seq_547,3.636070803892887,4.791388
seq_548,2.691071840157266,1.7088163
seq_549,2.198675355987618,-0.19111276
seq_550,2.057116010587424,1.1869797
seq_551,2.1041960669859496,2.1859608
seq_552,2.5398238001819453,2.4708943
seq_553,2.385870528025029,2.7371342
seq_554,-0.45117247211348,-0.06066412
seq_555,-0.5779030096086974,-0.25546232
seq_556,-0.4044721407708756,-0.09363645
seq_557,-1.1908954914429035,-0.14069614
seq_558,0.849136174758914,0.15381053
seq_559,4.03839263680213,4.485445
seq_560,2.3730872354610155,2.1046407
seq_561,1.4380485824978182,2.245033
seq_562,3.4183798173778666,2.503203
seq_563,0.2589982824466434,-0.14870615
seq_564,0.1154792219064812,-0.33839956
seq_565,3.395915229468219,3.9287176
seq_566,3.868738357380032,4.296122
seq_567,3.037891079467505,3.8407388
seq_568,4.427549749075976,4.430393
seq_569,4.902225246661845,4.9643555
seq_570,4.3476589774316485,4.2335024
seq_571,4.578418228754109,3.2236822
seq_572,0.2121807878494112,-0.07703163
seq_573,-0.0298599871022796,-0.58092767
seq_574,0.9754846540685416,-0.13167563
seq_575,1.7300788582361075,3.3593423
seq_576,1.3773993103201327,3.1323771
seq_577,-0.3783681258019575,-0.06359239
seq_578,4.269296569490805,4.06835
seq_579,3.983650234292112,4.1877384
seq_580,-0.0041124375819278,-0.063245356
seq_581,1.9139982356808456,2.5496259
seq_582,3.487641189391851,4.6808934
seq_583,4.72612169225286,4.595209
seq_584,1.5251140489756374,2.546464
seq_585,4.773381398370483,5.3181047
seq_586,0.6682602236769389,-0.10074213
seq_587,0.143170200070521,-0.10941909
seq_588,2.810605079256876,2.9980159
seq_589,4.112377961011568,4.860538
seq_590,4.264915309655574,4.4065247
seq_591,3.240116191596158,3.0163975
seq_592,4.844515462176841,4.8167424
seq_593,2.9250857720373893,4.265625
seq_594,3.696813962277893,3.0188973
seq_595,3.652242114438075,3.5405169
seq_596,3.211164455718226,4.569352
seq_597,3.3046926375224177,2.6667387
seq_598,3.169449180067364,4.0071397
seq_599,4.027562276231595,4.460719
seq_600,2.5226776395334127,2.4760547
seq_601,1.7141672579119185,1.4109231
seq_602,3.663892848446506,2.1544442
seq_603,3.19092617133174,3.402518
seq_604,4.610811390852456,4.234443
seq_605,3.836456434943676,1.8557938
seq_606,4.93834183470704,5.019414
seq_607,2.22361017977235,3.510696
seq_608,3.013997293292554,0.3682005
seq_609,3.2252324399991643,2.8876557
seq_610,2.849853552588096,2.243568
seq_611,-0.8440083898254572,-0.12881054
seq_612,1.0502295092098788,-0.1345764
seq_613,0.8450504174533165,1.0234718
seq_614,-0.4247143018004939,-0.19356531
seq_615,3.097307043315927,4.4550657
seq_616,1.9194407390318493,2.8651133
seq_617,4.54297032037755,5.0549154
seq_618,0.4942852508279134,-0.10617301
seq_619,3.944447671389204,4.2312794
seq_620,4.091012184822343,3.3957925
seq_621,0.0334039403257813,-0.19195157
seq_622,4.364953788877932,4.077978
seq_623,3.290237903822117,2.511357
seq_624,3.8721666680637896,5.0642633
seq_625,2.250744213357569,2.4065905
seq_626,-1.0610410579544802,0.6652987
seq_627,5.255826231249731,4.9660387
seq_628,0.4832256706207472,-0.31960705
seq_629,5.215490810423672,4.8689823
seq_630,4.833378616880959,3.664262
seq_631,-0.0442660775750071,0.33808452
seq_632,-0.947897596309874,-0.44635954
seq_633,2.7621281425101185,4.090449
seq_634,2.6568931595377205,2.5167236
seq_635,1.22748414974722,1.5898634
seq_636,0.7397195613066788,1.6255164
seq_637,3.58744280826513,3.112647
seq_638,-0.8704804179920101,-0.057093833
seq_639,4.838638271250361,4.6405873
seq_640,1.199735186812756,1.4785072
seq_641,3.6350875907544378,3.1343558
seq_642,1.5272116104725768,1.92365
seq_643,3.551544689687416,2.6815953
seq_644,3.596032495433007,2.2466574
seq_645,3.803880688708773,2.5457191
seq_646,1.626968514154201,2.7851896
seq_647,0.3992589708275216,1.4293014
seq_648,4.695700562515897,3.9235198
seq_649,0.503310535809447,0.77594715
seq_650,1.827005400598506,1.8299845
seq_651,-1.1926521323862518,0.10750471
seq_652,2.083575401052696,3.2866786
seq_653,1.5679374681342948,1.1042963
seq_654,0.8290220244504418,0.9763154
seq_655,4.265649475272482,4.0704575
seq_656,5.040001099155302,4.868126
seq_657,1.888724847780222,1.056183
seq_658,0.3622769600599603,-0.35441473
seq_659,4.118188983805525,4.519567
seq_660,-0.003068287299598,-0.09564002
seq_661,4.064697292416661,4.354701
seq_662,3.224993583124783,4.0858045
seq_663,-0.9674479703526272,-0.27994493
seq_664,4.469994838837287,3.9920218
seq_665,4.784207819127652,4.685935
seq_666,3.541573880352651,3.636294
seq_667,3.819483297857984,2.7976074
seq_668,-1.7672988707717388,-0.5064368
seq_669,3.88227408528817,3.6448386
seq_670,-0.7539509545482583,0.107584745
seq_671,5.2915363576889165,4.22799
seq_672,4.372077612421802,2.5807528
seq_673,3.981830305288684,3.175385
seq_674,5.221462912528737,4.9930983
seq_675,4.276769708982807,3.9365814
seq_676,4.847337985437943,4.3717203
seq_677,3.6336357967475608,4.2160892
seq_678,3.7050976785841137,4.075204
seq_679,1.9806975108045564,3.3819764
seq_680,4.368201411951607,3.9515386
seq_681,4.459639235838534,5.0019746
seq_682,2.8670781020440543,2.9179525
seq_683,3.604219438776132,3.4510183
seq_684,3.326319671327321,2.7654886
seq_685,1.1502793776186389,2.1010194
seq_686,-0.7660503305011571,-0.34817222
seq_687,1.5420726618396212,1.441331
seq_688,2.981689807764169,3.1861482
seq_689,0.7633529217581984,0.14781052
seq_690,1.387411528681219,1.5292023
seq_691,2.1242304731874984,1.7367553
seq_692,-0.5513055497907412,-0.13128659
seq_693,3.677314647113602,3.2388473
seq_694,3.176812358077824,1.8990874
seq_695,1.5674710884311869,-0.17121872
seq_696,3.783397720688807,4.4403105
seq_697,5.223101623949395,4.299188
seq_698,0.4939346521935528,-0.059981193
seq_699,3.8875858389693305,4.452444
seq_700,4.053558375418152,3.5595956
seq_701,1.877049132247266,1.6340293
seq_702,2.325630364648938,3.2499313
seq_703,1.37263244456564,1.6243602
seq_704,4.967555955476429,4.6469116
seq_705,-0.3640536461094721,0.50395715
seq_706,2.7050608048272125,3.3134441
seq_707,5.442328468631029,4.4985237
seq_708,3.512911451009477,2.9441142
seq_709,-0.3204512205327146,-0.13129508
seq_710,2.8006617337108906,1.8215914
seq_711,0.0643301566229068,-0.1729851
seq_712,0.2523222868470984,-0.12569188
seq_713,1.5910044331022544,2.2353306
seq_714,1.6291683961440784,1.9222249
seq_715,5.276902429753718,4.1709003
seq_716,4.131947429229343,3.1709402
seq_717,3.699579822415051,3.729515
seq_718,-0.2023033607761962,-0.30833188
seq_719,-0.1235207603102447,-0.3995185
seq_720,3.174052077671146,2.88584
seq_721,2.495787004544771,3.2791543
seq_722,1.0000437048629671,0.044767495
seq_723,2.4571522242223387,1.8223237
seq_724,0.7295087163034689,-0.15306227
seq_725,0.4817935363824895,0.017015912
seq_726,-0.2939714904609707,-0.18804821
seq_727,3.962303419966733,3.89755
seq_728,3.110463578227002,4.1839504
seq_729,5.438035772055805,3.7588813
seq_730,0.6256656700750397,-0.2855959
seq_731,3.455096566232313,3.3106794
seq_732,2.9331724329250144,3.7711642
seq_733,3.1991914711338616,3.927482
seq_734,4.452134776818431,4.5839334
seq_735,3.676232917948324,3.466397
seq_736,2.9038678344869253,3.3088412
seq_737,2.1195073040816106,2.1887088
seq_738,2.617955584254368,2.0434132
seq_739,1.0038593532036304,-0.2830097
seq_740,-1.218323399800069,-0.26474145
seq_741,1.6703243525129008,0.9574707
seq_742,2.824592710576308,2.9646106
seq_743,4.909919929725328,5.0762024
seq_744,-0.1435602023476234,-0.17820117
seq_745,3.47483194441036,2.9003346
seq_746,-0.5120791602701856,-0.23387411
seq_747,4.380756701213736,4.6902895
seq_748,3.836360795562827,4.1484833
seq_749,0.5096189891415075,-0.11937752
seq_750,-0.3189130258915186,-0.22727749
seq_751,3.923049398369285,4.071225
seq_752,0.4398150985848041,0.31696108
seq_753,4.0486691590671455,3.3054051
seq_754,0.1135490126535778,-0.3874109
seq_755,3.393650272808676,4.2526975
seq_756,4.281476299660256,4.510417
seq_757,0.3537038270247634,-0.2650418
seq_758,-0.2455787645029201,-0.17638418
seq_759,5.119650883828382,4.4282107
seq_760,-0.2463430430216189,-0.027388442
seq_761,5.050402667659153,4.9028053
seq_762,5.094457589562218,4.982595
seq_763,0.7200423180392882,0.047340922
seq_764,-0.4692942692684665,-0.083823845
seq_765,-0.0784161933739335,-0.27518854
seq_766,4.153862228664795,4.231059
seq_767,3.0280476244095063,4.070752
seq_768,1.3444600801345823,0.7830235
seq_769,3.144409446093007,2.893909
seq_770,4.297270648705376,3.3896089
seq_771,3.458669179575535,3.6830006
seq_772,3.646917944825766,3.7430515
seq_773,4.349047629289402,4.2851477
seq_774,1.3641764896611783,2.6791835
seq_775,3.367306318737222,3.5737772
seq_776,3.241651483622378,2.9279904
seq_777,-0.8911212351140437,0.056335825
seq_778,2.179611724625065,1.9913937
seq_779,5.425615906385045,4.947043
seq_780,4.915956417927148,4.5816193
seq_781,3.076955524275153,4.071253
seq_782,1.0648608839124596,-0.1217559
seq_783,4.320164480269107,3.96838
seq_784,0.0738137306020715,1.4044158
seq_785,5.459720901523485,4.7988944
seq_786,0.3534082482353036,-0.46454647
seq_787,4.0259410127310735,4.2562923
seq_788,3.487833192442616,4.434845
seq_789,-0.0394892803378967,0.10041839
seq_790,3.3015161471240426,3.889209
seq_791,3.728736326811097,4.683367
seq_792,4.603381380314043,3.6602669
seq_793,-0.5367383164610645,-0.06435433
seq_794,0.8212281417777744,0.21851993
seq_795,2.637520294071905,0.9050676
seq_796,-0.2129945585276736,0.012566548
seq_797,3.87832231893494,4.2338123
seq_798,-0.2900680736843182,-0.24934995
seq_799,1.0584099385319654,1.688505
seq_800,5.349504747572207,4.9330006
seq_801,1.420283229658322,-0.47327054
seq_802,2.583397856942229,-0.08647312
seq_803,2.6387064960621447,2.3150764
seq_804,2.900977898971248,1.8742148
seq_805,2.266130579626386,1.8490628
seq_806,-0.0734690633051549,1.0602938
seq_807,-1.141672150251442,-0.34623393
seq_808,3.510067974792802,4.1591935
seq_809,4.511600407797135,4.396198
seq_810,-0.5428993834925594,-0.085258216
seq_811,-0.9732983805514416,-0.12130928
seq_812,1.1888173026904438,1.4550561
seq_813,-0.7959960604039633,-0.30633894
seq_814,4.4352260853671845,5.190874
seq_815,1.785314382903464,2.460435
seq_816,4.284766667008392,4.5843406
seq_817,4.449192806885931,3.8774276
seq_818,2.099538893272628,2.7351701
seq_819,4.134157065888914,3.2918172
seq_820,0.0270767846372814,-0.13246615
seq_821,4.661914298573788,4.4471407
seq_822,2.7960884452529293,2.5984979
seq_823,2.9840934935001933,4.4417763
seq_824,1.6232014128289955,1.8833321
seq_825,1.3979757906636134,1.9354082
seq_826,-0.4180914648350715,0.31403437
seq_827,-0.0186726671753013,-0.24752054
seq_828,5.708012960569597,4.2147274
seq_829,0.2652541055788979,-0.27297673
seq_830,1.1639983881416036,1.8477286
seq_831,2.2798408396711243,2.540604
seq_832,3.9758166636536623,4.3707657
seq_833,4.337767538399798,4.5628686
seq_834,1.5213466828418774,1.611116
seq_835,4.459956627944076,4.4447584
seq_836,4.654008366691077,4.085331
seq_837,4.186882828958543,3.548579
seq_838,4.749585679794438,3.5435991
seq_839,2.987549289514378,3.3724074
seq_840,2.0032258792166897,2.8748655
seq_841,4.552666925243361,3.9881601
seq_842,5.015875797507047,3.728156
seq_843,4.3138415743907625,3.062917
seq_844,3.7687801593308734,3.5939178
seq_845,0.1931274439099837,0.22353473
seq_846,4.328205563726532,4.1644306
seq_847,2.6614036115370148,2.4515643
seq_848,1.6992271026888095,2.1264114
seq_849,3.108363126706944,2.4100182
seq_850,3.704649864644754,3.7348332
seq_851,0.8919867151950905,1.1905695
seq_852,4.83324638934922,3.7146888
seq_853,2.299332427135191,2.2255046
seq_854,3.1800319777165456,3.06284
seq_855,3.2179366880916582,3.2773626
seq_856,1.596349803542925,1.8984436
seq_857,1.908198849473359,1.9545835
seq_858,2.065100917747825,1.1748663
seq_859,1.637062937794367,1.5520096
seq_860,2.951129490709896,3.979241
seq_861,3.223379139894208,2.8011518
seq_862,2.395493438773164,2.5554986
seq_863,3.738179305215557,4.4767675
seq_864,3.537980847431129,3.2609038
seq_865,3.875417565220302,3.6037197
seq_866,4.965225455349494,5.2158966
seq_867,4.601607767480657,4.335606
seq_868,-0.3102368028691455,-0.12476365
seq_869,3.336808364763487,5.0213747
seq_870,-0.1850024664945837,-0.40208519
seq_871,5.208777182697468,4.9001884
seq_872,3.72277991779198,3.4734077
seq_873,3.413210235207244,2.8903637
seq_874,4.363226484288989,3.8159351
seq_875,2.6787707568040298,2.1874754
seq_876,4.486440683272421,3.5725904
seq_877,0.2242945306364223,1.4235816
seq_878,0.2796541698191762,0.07263349
seq_879,-0.3147133906593117,-0.22657007
seq_880,2.7266677302427897,2.208962
seq_881,2.0336200037161967,3.668684
seq_882,3.695467070474464,3.4295597
seq_883,-0.5082656466398077,-0.04753204
seq_884,4.546811242264518,4.2682176
seq_885,1.525260245165639,0.0784456
seq_886,3.0877366324143494,3.8276815
seq_887,0.9188370720289182,-0.20154595
seq_888,4.279684783766956,4.9110355
seq_889,5.825897244789814,4.7499604
seq_890,-0.5199878513505802,0.62259376
seq_891,4.3098649226825385,2.954503
seq_892,0.2491527151790158,0.83556235
seq_893,-1.2742040969817638,-0.23938659
seq_894,2.912067771793984,3.9320416
seq_895,5.508107660342443,4.8560348
seq_896,0.5522391573024024,1.1730853
seq_897,4.591529693208631,4.0658984
seq_898,0.8528764698881878,-0.11266729
seq_899,4.6053467324303705,5.103477
seq_900,-0.4288273267007942,-0.36170712
seq_901,3.871583826794474,4.3616743
seq_902,4.830319760658951,4.3161755
seq_903,1.8099706689503128,1.673159
seq_904,0.0553254469699855,-0.084536955
seq_905,0.3343772344646279,-0.08429094
seq_906,2.958833288281977,2.8884618
seq_907,3.633394853247296,3.0213363
seq_908,2.5177757696781944,2.733945
seq_909,4.839987139422937,5.050039
seq_910,-0.62685760798319,0.36889336
seq_911,3.661968363988184,3.6597128
seq_912,4.335550063417738,4.794965
seq_913,3.7994662110390265,3.9395533
seq_914,0.273925914218526,-0.35740516
seq_915,4.140756887853072,4.1497974
seq_916,5.166989209156815,4.652233
seq_917,4.067962610164295,4.505991
seq_918,4.2902122954204485,4.214432
seq_919,1.3770578576998065,1.8910772
seq_920,3.896082642053599,3.7320304
seq_921,-0.0066649990130194,-0.13283
seq_922,4.271319466160327,3.626731
seq_923,3.604337794542816,2.6928127
seq_924,0.1133195277497873,1.0165579
seq_925,1.301079924067519,1.6231943
seq_926,1.387966373789151,1.5033253
seq_927,1.7297259863674117,2.1240237
seq_928,2.005294468760834,1.5655313
seq_929,4.153532618929407,4.872839
seq_930,4.422466444705864,3.2170484
seq_931,1.2990314908259315,2.0361562
seq_932,4.034169041274102,4.119025
seq_933,-0.7208335326265604,-0.19589302
seq_934,-0.838151066037098,-0.24345878
seq_935,4.414764632424915,2.5943143
seq_936,2.857038946726391,2.9766498
seq_937,3.455358143889274,3.14943
seq_938,2.3100527350508764,1.6949458
seq_939,0.5544675359517367,2.090589
seq_940,5.425931702390077,4.6693563
seq_941,5.1517884392095885,4.9097624
seq_942,-0.5520820071418823,-0.14428176
seq_943,0.7708459143699411,-0.11891632
seq_944,2.2695471014802684,2.0273612
seq_945,3.874734682234751,3.251102
seq_946,2.610322606530866,2.4522223
seq_947,3.7720657337606016,4.4835615
seq_948,1.9734889894354064,1.9465935
seq_949,-0.8444966489310252,-0.18003759
seq_950,4.18419535264256,4.621728
seq_951,4.00910860074909,4.029701
seq_952,4.461906556240598,3.6361108
seq_953,4.05554323140396,3.657391
seq_954,-0.2477152870859384,-0.14757633
seq_955,5.530984181664874,5.3665857
seq_956,1.599800891376305,2.570314
seq_957,3.310107600494275,2.3495808
seq_958,2.1909932736749007,3.654332
seq_959,1.7780964096081833,1.2235676
seq_960,0.6563052867775405,-0.44377264
seq_961,0.2548011938793302,-0.17579596
seq_962,1.5341300230838593,-0.1943545
seq_963,-0.1727941380295639,0.9119398
seq_964,0.1043419735060096,-0.23197946
seq_965,1.9306179491181603,2.6562047
seq_966,3.1639755137054464,3.3675795
seq_967,3.633531841609026,2.218854
seq_968,3.0008936020045507,3.6480389
seq_969,1.880221620708144,4.1426654
seq_970,3.3392130354403355,3.735739
seq_971,3.4979303510573785,2.7248359
seq_972,3.41084582037904,3.814453
seq_973,2.0535042669194814,2.6014357
seq_974,2.4571667957182743,2.1374664
seq_975,-0.2373887745086932,-0.1685845
seq_976,2.5593603652151145,1.9025353
seq_977,2.374981257506352,2.6626515
seq_978,2.000103363676533,2.8289018
seq_979,0.3649212206683998,-0.1451972
seq_980,1.247398805568024,2.5383563
seq_981,2.240827895239604,2.4332256
seq_982,2.843349465528784,3.293263
seq_983,0.2612470686245864,-0.09581329
seq_984,3.9358572161837664,3.6776047
seq_985,-0.868184798322015,0.09207016
seq_986,-0.0955074594251103,0.16530836
seq_987,5.024834179847,5.160697
seq_988,1.3946042430714336,1.4147757
seq_989,0.1157372165235672,-0.18400966
seq_990,1.96267456226132,2.6137643
seq_991,3.7221882102895134,2.4465168
seq_992,2.2277620869015813,2.3113108
seq_993,4.425696799825036,3.9449549
seq_994,1.9462108349440503,1.8300661
seq_995,-0.4446107385672812,-0.31343076
seq_996,0.361357363439815,-0.17218119
seq_997,4.049044637093078,4.4939194
seq_998,0.0519988339548572,0.9881163
seq_999,2.93848607474488,2.6177664
seq_1000,4.709230206539417,3.8239985
seq_1001,4.79169903189402,4.9579434
seq_1002,2.9888831224590127,3.3739262
seq_1003,3.691647841031344,2.6618361
seq_1004,2.318767134505737,3.201362
seq_1005,2.836477193499296,5.0047603
seq_1006,3.6157226659369193,3.7556663
seq_1007,4.012026383930372,5.133981
seq_1008,3.602180068750401,3.9808652
seq_1009,5.09732886772439,4.770438
seq_1010,3.1417104007069168,2.7328212
seq_1011,-0.3799478657937722,-0.22516766
seq_1012,5.657375768413267,4.665228
seq_1013,0.5637558894225917,0.651816
seq_1014,1.7733879242149329,-0.07628621
seq_1015,5.371066306248371,5.1721416
seq_1016,-0.1584800542981115,0.25512025
seq_1017,4.527622069094708,4.8575854
seq_1018,-0.3296370490013495,-0.39402756
seq_1019,0.4104399744693435,-0.39209393
seq_1020,-0.91958039825042,-0.12546155
seq_1021,-0.1551391927982127,-0.21727447
seq_1022,-0.8466425889890283,-0.05412424
seq_1023,0.5330204790024943,-0.07048094
seq_1024,2.8314002746245883,0.123824745
seq_1025,-0.0023900282506868,0.054835644
seq_1026,0.8350502440835393,0.004428085
seq_1027,3.5092160252358298,3.142001
seq_1028,-0.2383734645061397,-0.45845428
seq_1029,0.1286356157079537,-0.33043787
seq_1030,0.1963596794336213,0.24596936
seq_1031,4.446377197771963,4.5973635
seq_1032,-1.5728591450839442,0.108342424
seq_1033,-0.421701791534924,-0.13748443
seq_1034,-1.0787643583415445,0.21526626
seq_1035,3.665475106373784,3.1842391
seq_1036,-0.2092448612858605,-0.11355586
seq_1037,4.020780757086176,3.1747231
seq_1038,3.481808935032665,2.9980502
seq_1039,3.720710282135743,2.8634605
seq_1040,0.2954655063295027,-0.12050077
seq_1041,4.305306367755224,4.468539
seq_1042,2.58237120899612,2.4354281
seq_1043,5.492081323035143,4.7912936
seq_1044,3.1298528981597555,3.3219123
seq_1045,3.363023085867402,2.940875
seq_1046,1.6157421561509924,1.6026446
seq_1047,1.831809580346943,1.7474366
seq_1048,3.689601441284028,4.6492987
seq_1049,1.7731937245256573,1.7610828
seq_1050,0.3396645614849463,-0.028955031
seq_1051,5.459576717316135,4.878789
seq_1052,3.0299939620058502,2.455612
seq_1053,5.649465143414467,4.9155865
seq_1054,0.2433082145820192,0.08547786
seq_1055,-0.0502470028519486,0.15202639
seq_1056,5.214828582697136,4.0609894
seq_1057,0.0243137825307018,-0.19511978
seq_1058,3.2557318054624127,3.599333
seq_1059,4.716609224920396,4.754616
seq_1060,3.734869738194604,4.8834968
seq_1061,1.9600154370807927,2.1149993
seq_1062,3.7753536140138926,2.951117
seq_1063,3.055278531504729,2.827601
seq_1064,4.218831747722059,2.4346008
seq_1065,2.4405792159986164,3.8949676
seq_1066,-0.8147844421559572,-0.47948942
seq_1067,3.758145312820645,4.01438
seq_1068,-0.201773889211002,-0.21760455
seq_1069,2.1640040868160795,2.5230393
seq_1070,0.1892174807474527,0.9143396
seq_1071,3.0399042772399767,3.2436638
seq_1072,1.3793560318230602,1.2513666
seq_1073,-1.2184517771336052,0.177755
seq_1074,2.472465129493329,3.2570825
seq_1075,2.3103960001893697,3.5905757
seq_1076,5.323609527858253,5.177692
seq_1077,3.667419035825772,4.640851
seq_1078,4.384549330620015,4.681573
seq_1079,4.361840549937109,4.3394966
seq_1080,1.417668889837998,1.6162575
seq_1081,2.1560785796536166,2.6049247
seq_1082,0.8070362661006456,-0.15476324
seq_1083,1.7663755662657206,2.4533653
seq_1084,1.8459414849351228,1.7754573
seq_1085,-0.6379190616429478,-0.12069264
seq_1086,4.316000950549448,3.7778316
seq_1087,3.854557576977653,2.6549683
seq_1088,2.145107662976312,2.135116
seq_1089,3.25668112735476,2.673286
seq_1090,1.587037569308429,2.3098593
seq_1091,4.052639413179344,3.753101
seq_1092,4.291029859652007,4.4501762
seq_1093,4.041193232654007,3.7662194
seq_1094,3.842358932440961,3.4825625
seq_1095,5.979140993669067,4.715666
seq_1096,-0.2788910650914835,-0.07035743
seq_1097,1.9953299866564145,1.1556715
seq_1098,3.80093560036122,3.3312573
seq_1099,-0.2048151241867242,-0.32630804
seq_1100,1.3553798370487935,1.6337832
seq_1101,1.1382321011854548,1.5463885
seq_1102,2.611496994500227,3.5640461
seq_1103,5.361572065346,4.307434
seq_1104,4.889414302968249,4.26787
seq_1105,4.03306008652216,4.685382
seq_1106,5.352943458084728,4.6887727
seq_1107,-1.7079829398296074,-0.19886886
seq_1108,3.508152275061041,3.0563378
seq_1109,3.7435152974031887,2.5436041
seq_1110,3.885745554297399,3.4103336
seq_1111,1.8819926129290032,1.5604134
seq_1112,3.4177638830721144,3.5726712
seq_1113,3.502883811903527,3.1417453
seq_1114,4.497302922365472,4.5343933
seq_1115,1.3987088138489725,1.4344981
seq_1116,3.2331123871549927,2.7766383
seq_1117,2.9401468371311523,3.2176266
seq_1118,1.5440524129741628,0.884588
seq_1119,4.525256792900479,4.5140967
seq_1120,0.1455654195673917,0.12277195
seq_1121,0.683059799958369,-0.15008645
seq_1122,5.597428281569118,4.8702817
seq_1123,1.160145776700491,1.1462141
seq_1124,-0.6141889821142973,-0.1165221
seq_1125,5.385429134712858,4.9252963
seq_1126,4.978676197913216,4.8859663
seq_1127,3.654193831517786,2.85545
seq_1128,-0.4320002467824558,-0.20244919
seq_1129,-0.6620111106213955,-0.119521394
seq_1130,0.4397285809885192,1.8448874
seq_1131,5.496132049277096,4.591187
seq_1132,3.687193853570137,4.3925867
seq_1133,0.2043530172808338,-0.028818507
seq_1134,1.2674948619116797,1.02359
seq_1135,4.486900975060469,3.1455216
seq_1136,3.8267432141784767,3.8365595
seq_1137,-0.2628618912547492,-0.369368
seq_1138,4.477212850405921,4.759762
seq_1139,-1.3980584365528674,-0.1909922
seq_1140,4.255345110651025,2.7777135
seq_1141,0.0111834734395783,-0.08179432
seq_1142,2.77368214952795,2.9850547
seq_1143,4.14827511706899,3.8116739
seq_1144,1.1170120964041268,1.43575
seq_1145,4.181012007036162,1.4432319
seq_1146,-0.1755490685842523,-0.14648524
seq_1147,0.4037476769506933,0.020915877
seq_1148,3.515174773096374,2.8366146
seq_1149,5.656223297600106,5.0456
seq_1150,5.045749536283644,5.0802126
seq_1151,5.599994771541206,5.1561217
seq_1152,1.1076074464519086,-0.20605731
seq_1153,2.1789737373822846,2.7630653
seq_1154,3.765872668704672,2.7097907
seq_1155,3.0973258006721056,3.0593734
seq_1156,1.3113612093673113,0.143242
seq_1157,-0.8837155233401499,-0.21757849
seq_1158,1.9265797726100555,0.741738
seq_1159,2.0143609307701635,1.8162482
seq_1160,2.0183262464208074,2.136108
seq_1161,3.942099573711621,4.677291
seq_1162,0.8236517763426962,2.4542055
seq_1163,3.5384265475270875,2.5296774
seq_1164,0.7454074325983858,1.7700895
seq_1165,3.5362916885548734,1.9337264
seq_1166,0.0508570072841138,-0.19390106
seq_1167,3.693423458972099,4.408576
seq_1168,5.166462400045184,5.275017
seq_1169,-0.5277597176617926,0.08600212
seq_1170,-0.1570229553551021,1.2755013
seq_1171,1.2667265924204594,-0.2149381
seq_1172,-0.90697289258196,-0.07137853
seq_1173,-1.4140485439113044,-0.15767571
seq_1174,3.9006085614988137,3.1597931
seq_1175,2.288200403643729,2.1375628
seq_1176,0.7429453310555371,1.177835
seq_1177,0.1324231790998474,-0.16864233
seq_1178,2.4865459839814767,2.7261229
seq_1179,3.4313005562527272,1.7470188
seq_1180,2.457563505555312,2.128512
seq_1181,1.3436055897056256,0.70358616
seq_1182,-0.5045264372808912,-0.23559728
seq_1183,-0.82088170640908,-0.08270502
seq_1184,3.992154692103934,3.537899
seq_1185,2.8045230396671417,2.614921
seq_1186,0.1833074268888381,-0.26508072
seq_1187,-0.927783032197302,-0.378894
seq_1188,1.553062741422547,1.0280471
seq_1189,2.312582635487173,2.3150191
seq_1190,1.368932874072754,1.9558237
seq_1191,2.9885558149664853,1.5778961
seq_1192,1.810515052963044,2.1298409
seq_1193,1.3915532393126078,2.3733895
seq_1194,-0.9400699543188998,-0.45511606
seq_1195,0.2872789447054418,-0.1421605
seq_1196,0.9556032170504302,-0.030354
seq_1197,3.9809685431379087,4.553444
seq_1198,3.87874829182179,3.5532188
seq_1199,2.7369031562028847,2.6617184
seq_1200,5.201346647538606,5.0671616
seq_1201,4.0792679970100725,2.8104048
seq_1202,2.8445038362604342,2.3871403
seq_1203,1.9752434871830005,1.6400431
seq_1204,5.716197340254219,4.509266
seq_1205,3.753395011994865,2.0753353
seq_1206,-0.6556167715741757,-0.346999
seq_1207,-1.3518650107944965,-0.47825238
seq_1208,0.916539847809942,0.3082988
seq_1209,3.875314167967902,5.1795707
seq_1210,4.331660033765379,4.4676256
seq_1211,-0.3192815476571511,-0.49796352
seq_1212,2.8535506018727603,3.5041165
seq_1213,-0.0706481302650116,0.08213756
seq_1214,4.195239884826067,4.7646127
seq_1215,0.8205629784253121,-0.41604134
seq_1216,2.00228983367762,2.005639
seq_1217,3.639044753650825,3.6288862
seq_1218,2.446038581617826,3.5304575
seq_1219,1.698009861959184,1.5232257
seq_1220,2.430821935617986,3.2015824
seq_1221,3.9618261256276495,4.56956
seq_1222,-0.2171744187285385,-0.19890326
seq_1223,1.2578531199164704,0.9844845
seq_1224,4.994641057945107,4.640608
seq_1225,2.4416827930994924,3.500639
seq_1226,3.4126213881781937,2.9372334
seq_1227,-0.6292542115389436,-0.29027715
seq_1228,5.60874609016128,5.080025
seq_1229,4.290954578870992,4.81312
seq_1230,1.6053041363652965,1.5439101
seq_1231,4.00291654002427,3.8853278
seq_1232,3.25343778540368,3.4605126
seq_1233,4.044223943715829,4.5249863
seq_1234,3.187680418849215,2.6496282
seq_1235,3.698327269944512,2.9174135
seq_1236,4.943803363222762,4.9348087
seq_1237,-0.3622917840407675,0.035599608
seq_1238,3.3567119748870344,2.490324
seq_1239,5.358877227731873,4.456502
seq_1240,2.808368115933083,2.348394
seq_1241,1.1695736565725998,0.22871146
seq_1242,5.076616487230756,4.4421077
seq_1243,4.474719392053838,4.9591646
seq_1244,-1.2610717491811845,-0.33744588
seq_1245,0.9604929957947764,-0.100245
seq_1246,2.905801542473665,2.3657506
seq_1247,2.3903885663859428,3.0402474
seq_1248,1.951858252890263,1.8092562
seq_1249,0.1084928265934478,-0.3755588
seq_1250,1.7792044824355624,2.1552095
seq_1251,-1.4427573712163966,-0.2729701
seq_1252,-0.582019895438627,-0.27604148
seq_1253,-1.162770665688625,-0.06562677
seq_1254,3.16840531988346,2.6384568
seq_1255,2.87782175447548,2.289815
seq_1256,3.294843074733521,2.9380226
seq_1257,0.5822398089245281,2.059167
seq_1258,2.2387409516331505,2.6891313
seq_1259,6.0373750632469765,5.1413527
seq_1260,0.0984680504930659,0.99777
seq_1261,0.1428590261094028,-0.13520008
seq_1262,-0.27525777323113,-0.2967232
seq_1263,-0.053202756266177,-0.08666715
seq_1264,0.4661606525806688,-0.104312316
seq_1265,1.25302456518259,1.6905051
seq_1266,-0.597342210686076,-0.1507791
seq_1267,3.4408326018378985,4.671916
seq_1268,3.2376477556863192,4.9002533
seq_1269,4.303923685481705,5.165107
seq_1270,3.553456947894615,4.4841347
seq_1271,0.5922785360827282,0.15911163
seq_1272,0.1078054287517051,0.053282697
seq_1273,3.6623994780050615,5.3054323
seq_1274,1.7486517490726847,0.040160913
seq_1275,0.8205216611015521,0.5258734
seq_1276,3.4816129489336185,4.9820795
seq_1277,2.2454397103660937,2.375264
seq_1278,-0.0020455578954829,0.8941337
seq_1279,1.95358530523944,2.553927
seq_1280,3.871922105407263,3.5038586
seq_1281,5.35443545074602,5.2945137
seq_1282,0.7120469125104459,1.2641436
seq_1283,-0.0332204660121617,-0.1845756
seq_1284,5.689447654750896,4.48611
seq_1285,-0.0021995996016818,-0.09758705
seq_1286,5.286084563210618,5.04844
seq_1287,5.317668302816146,5.086296
seq_1288,5.369162417631231,4.860788
seq_1289,-0.0849678455269368,-0.42852363
seq_1290,1.650592558967016,1.1444371
seq_1291,3.998784921799073,4.601595
seq_1292,0.519392505011734,-0.3694143
seq_1293,5.237876158844919,4.1057854
seq_1294,-0.3597556904852264,-0.35159937
seq_1295,3.5782597709651576,3.5759072
seq_1296,1.6348627536192384,2.0326655
seq_1297,1.687228929228597,1.9193846
seq_1298,2.88383536968694,2.2332566
seq_1299,2.760613411354177,3.8146787
seq_1300,1.4255660929037095,2.3248494
seq_1301,3.750196962415718,2.9189587
seq_1302,0.6640180648166185,1.5450317
seq_1303,3.663060532542661,4.376671
seq_1304,0.8436668915506053,0.21387358
seq_1305,5.547060689335229,3.7188401
seq_1306,1.740924498189112,1.5412335
seq_1307,5.909476205472643,4.679741
seq_1308,2.519350167363045,2.8889272
seq_1309,0.0259485474974672,-0.5227943
seq_1310,2.591738594777173,2.237845
seq_1311,-0.0748977924220718,-0.018979568
seq_1312,3.583371716822338,3.416212
seq_1313,2.2295438430779155,2.317106
seq_1314,0.2671724619209619,0.043825265
seq_1315,3.203347880429602,1.7525034
seq_1316,3.968170364679344,3.9099789
seq_1317,1.7624674379811838,0.9019214
seq_1318,1.2258238511361876,2.172216
seq_1319,2.364031968206944,2.2935586
seq_1320,1.1516216203055574,2.8985162
seq_1321,4.699054293016565,4.0161514
seq_1322,1.6512846148141005,2.3985472
seq_1323,0.9453716120409849,0.19705933
seq_1324,1.2642282370077622,1.7008423
seq_1325,3.607014557894056,3.7086077
seq_1326,0.8348604976228781,-0.038945127
seq_1327,3.239755659200464,3.4516568
seq_1328,2.458395106112196,3.4610004
seq_1329,3.5954870051614463,3.5303295
seq_1330,1.194929191983868,1.3520116
seq_1331,1.794440230808526,0.88829654
seq_1332,4.416023549336007,3.5586843
seq_1333,2.1555573787920306,2.2987876
seq_1334,1.2633890717680738,2.3360174
seq_1335,4.918514286991218,4.762246
seq_1336,5.374717411054523,4.8707085
seq_1337,2.976618798578748,3.7831626
seq_1338,5.520436696731171,4.781644
seq_1339,-0.1033014647558634,-0.2824807
seq_1340,2.9794924176897,4.2172647
seq_1341,5.036875771464377,4.4641314
seq_1342,0.8720334861294856,1.2479686
seq_1343,4.541117710011561,4.356777
seq_1344,4.668169696224021,4.9207544
seq_1345,3.72203002712284,3.9025526
seq_1346,2.790080335883985,2.4615803
seq_1347,3.729032625191072,4.112304
seq_1348,0.388752341183308,-0.08581613
seq_1349,4.354041515948085,2.6295528
seq_1350,4.570775271313848,4.1313334
seq_1351,-0.4145894266868556,-0.41445723
seq_1352,0.387879617185462,0.07026504
seq_1353,1.2765835927102736,-0.13603973
seq_1354,-0.7856470520492631,-0.031554442
seq_1355,4.569051692742245,5.066408
seq_1356,3.8941593478934897,2.9052453
seq_1357,2.6592989735216204,2.8865633
seq_1358,-1.0157200761251473,-0.2637663
seq_1359,3.7333182631744513,3.718434
seq_1360,-0.7112299429773392,-0.05623888
seq_1361,2.6283419688595564,3.7421207
seq_1362,-0.7457308972078232,-0.19789599
seq_1363,3.691110959137428,1.8660065
seq_1364,-0.1109204540444016,0.8417898
seq_1365,3.4748118342013075,2.8886557
seq_1366,2.715335751919832,3.5691085
seq_1367,4.313134764010798,2.5410328
seq_1368,2.0646504636746807,2.1484826
seq_1369,3.789831537592389,4.177905
seq_1370,1.814405293304624,1.5086755
seq_1371,5.016075692846584,4.0658245
seq_1372,1.6640451369916052,2.8896265
seq_1373,0.1531697260927336,-0.2180918
seq_1374,2.1509394821584333,2.273443
seq_1375,4.32755818877738,4.2187333
seq_1376,1.3882068808743926,1.7174541
seq_1377,-0.2528338853339081,-0.29724252
seq_1378,4.324907997236768,4.3058176
seq_1379,4.073766822923884,4.045786
seq_1380,4.125994891220725,3.702474
seq_1381,-0.2700571592981923,-0.18703386
seq_1382,0.6914564115806039,1.3926712
seq_1383,1.6298609635789454,1.2029467
seq_1384,3.216602269742785,1.7554933
seq_1385,2.673730829546607,3.598391
seq_1386,-0.9298960125624371,-0.16345885
seq_1387,1.3471521564539766,0.10339877
seq_1388,3.649875261705304,4.197231
seq_1389,5.461910570204862,3.9482183
seq_1390,3.7104820217137537,4.9351954
seq_1391,4.849026831239648,3.1557999
seq_1392,3.419601437456085,3.587757
seq_1393,5.121731455892418,4.234408
seq_1394,2.078875733487818,2.2829204
seq_1395,1.4557838034145398,1.4715673
seq_1396,5.033498512490391,4.0252233
seq_1397,-0.3334387784531946,0.20844087
seq_1398,1.8779820368781908,1.5078377
seq_1399,2.8026068418189283,2.8291545
seq_1400,2.791215991769926,2.6814308
seq_1401,3.37250307579259,2.8756952
seq_1402,0.9820381569453984,1.9280874
seq_1403,5.709518872786983,4.8341284
seq_1404,-0.5396251782729071,-0.07348943
seq_1405,1.951388384596929,1.9035084
seq_1406,4.3414096327782605,4.311243
seq_1407,5.98121117756519,4.8130984
seq_1408,0.0004222654546586,0.0025239438
seq_1409,3.524718797834689,3.8286674
seq_1410,0.2949437723334089,0.09319267
seq_1411,4.795964219744807,3.0713334
seq_1412,-0.1166041461222826,-0.19199604
seq_1413,4.146431790052826,5.367186
seq_1414,3.114968603411319,4.650534
seq_1415,3.2512285191163866,2.9242468
seq_1416,3.4020813474043083,3.1052518
seq_1417,2.32775659196941,2.0043297
seq_1418,1.7625595758502517,2.1045718
seq_1419,3.013644451882545,1.9036449
seq_1420,3.346785458505036,2.56915
seq_1421,3.228844685429601,3.2555737
seq_1422,0.0911099338578886,1.0926281
seq_1423,0.8550514445250911,0.93469286
seq_1424,2.027428454128645,0.9073121
seq_1425,3.6492081976876833,2.7010572
seq_1426,1.496601385140119,1.7221733
seq_1427,-0.4884009268527061,-0.17648521
seq_1428,2.500205444460138,2.3749504
seq_1429,2.910242796536602,2.36115
seq_1430,0.8187679613912818,0.3598848
seq_1431,4.757502502502854,3.5841136
seq_1432,4.30376276643281,3.9639723
seq_1433,4.680964084481843,4.198774
seq_1434,0.3671988753286985,-0.23517299
seq_1435,0.1157418434431909,-0.31067276
seq_1436,4.260103080506921,3.7589703
seq_1437,3.4400486053427635,3.4675791
seq_1438,2.1224722596522803,2.037903
seq_1439,2.4199299939997263,2.1527004
seq_1440,3.4600434499667307,3.1042094
seq_1441,4.151519612119728,2.532083
seq_1442,3.8850362795275006,2.759451
seq_1443,3.50452310066769,3.0681095
seq_1444,1.9326060075200384,2.5653703
seq_1445,3.578570086507106,2.9946618
seq_1446,1.888252423965068,5.4329615
seq_1447,3.8430810039674608,3.3351545
seq_1448,4.076337931259984,3.2793627
seq_1449,2.5510233772871023,3.0767756
seq_1450,-0.4270596883859651,0.02318037
seq_1451,0.9338592434152588,-0.1443674
seq_1452,0.7637140685357137,1.1690977
seq_1453,3.575177525864925,3.2738972
seq_1454,4.68555161985464,3.9711652
seq_1455,5.582276051763628,4.8031206
seq_1456,1.324863152685251,1.4801601
seq_1457,3.6310685392669098,3.8021753
seq_1458,2.7728785604314425,3.111374
seq_1459,2.909830905808711,2.5008078
seq_1460,-0.8611588763397751,-0.1085991
seq_1461,3.9694218886689066,3.2385721
seq_1462,3.072846862569788,3.931079
seq_1463,2.995192567857224,2.4636831
seq_1464,3.035030826380084,2.1957426
seq_1465,2.885882912839849,2.983553
seq_1466,2.7693514389037426,2.0557466
seq_1467,3.5268165364212254,3.308982
seq_1468,2.675543233939937,1.8247293
seq_1469,3.7375429573577135,4.4804974
seq_1470,3.2680760199462795,4.3035626
seq_1471,1.3305950764234356,2.158567
seq_1472,2.663163146586809,2.5365567
seq_1473,1.5489575053835714,1.640364
seq_1474,2.334195567866594,2.1236377
seq_1475,4.255794525942167,4.16019
seq_1476,-0.405447904169718,-0.39498734
seq_1477,4.948235921461214,4.429557
seq_1478,4.883103786029609,4.3004913
seq_1479,4.652886441675519,3.8360336
seq_1480,2.312096314122357,2.3277621
seq_1481,3.333092763858249,3.2971802
seq_1482,-0.348742588660043,-0.1852071
seq_1483,-0.1514232140843024,-0.24388531
seq_1484,0.3848517289694688,1.1957741
seq_1485,3.1027123186641226,1.869713
seq_1486,3.838372078361663,1.85168
seq_1487,3.29024726343188,4.494028
seq_1488,2.0186942267167125,2.080725
seq_1489,-1.2327956789100645,-0.37771285
seq_1490,1.2320305711813635,0.066529736
seq_1491,3.382650827548284,5.0913653
seq_1492,0.3598485143670614,-0.4375814
seq_1493,5.613958335056071,4.524877
seq_1494,2.61355535046476,2.538487
seq_1495,3.832337187000381,5.0078526
seq_1496,5.98357067422172,5.089077
seq_1497,3.3940701273066822,3.899496
seq_1498,-0.0489995675878989,-0.3186083
seq_1499,0.7661219772792554,1.0322744
seq_1500,1.901793203662413,1.354854
seq_1501,-0.4237440889377289,-0.2698144
seq_1502,0.1644217064027935,-0.28053412
seq_1503,4.262903792854019,4.5423117
seq_1504,-0.3091933595050216,-0.04693942
seq_1505,4.5994308431824,4.2269974
seq_1506,0.6301229455206152,1.3569955
seq_1507,6.20658228086814,4.7466497
seq_1508,6.23662247733881,5.3613157
seq_1509,0.9942746468209088,0.18542236
seq_1510,3.010633209354216,3.144925
seq_1511,1.2482652087681685,1.3741761
seq_1512,0.4799417092618845,-0.20927766
seq_1513,1.3042863749523996,2.4602113
seq_1514,1.1622611590299297,1.5432473
seq_1515,1.7222430106100797,1.312507
seq_1516,2.8252609584055013,3.293865
seq_1517,2.729573305607925,3.711528
seq_1518,0.1882023604639348,-0.16802835
seq_1519,1.536540860509802,1.5777245
seq_1520,4.521999863922345,4.585415
seq_1521,2.9351812256146936,2.4045372
seq_1522,0.3628011975748608,1.4481596
seq_1523,1.7390403191449402,2.2362435
seq_1524,2.853361433891628,2.2387166
seq_1525,2.089555849367624,3.0863795
seq_1526,1.5588379676387116,2.4778259
seq_1527,4.061712470265529,3.9485166
seq_1528,2.730251215725518,2.345881
seq_1529,2.9416381646519585,2.1308002
seq_1530,3.612801632675398,3.8095908
seq_1531,0.3001703511950366,-0.19335137
seq_1532,1.0145576643761542,2.6901126
seq_1533,2.8289489723286905,2.6433089
seq_1534,3.1967981265275136,3.414593
seq_1535,1.0078865353807551,-0.49911204
seq_1536,-0.2997428597090388,0.13749863
seq_1537,2.292866742919293,1.9294657
seq_1538,3.603001705680111,3.1200938
seq_1539,1.072230374260544,1.134518
seq_1540,2.8114175001592216,2.6846616
seq_1541,0.0653399968305467,-0.32266805
seq_1542,0.3439403765113091,1.3789366
seq_1543,5.354062374892287,4.482372
seq_1544,2.2120319494918275,1.4805988
seq_1545,4.3186238115271705,5.047649
seq_1546,5.556197778091856,4.406226
seq_1547,5.707646290184215,4.783281
seq_1548,2.732850222032751,3.5259895
seq_1549,0.9239586260367728,2.2794123
seq_1550,1.1694283169608306,1.8335418
seq_1551,-0.1576347667925242,0.06593262
seq_1552,3.120799495769248,3.2934284
seq_1553,3.560829318451532,3.6629739
seq_1554,3.371216525512452,2.2252336
seq_1555,-0.248793306482043,0.19152555
seq_1556,1.0056407363304278,-0.05721097
seq_1557,-0.94461717263408,-0.5106471
seq_1558,3.773036401749003,2.6722507
seq_1559,4.123553782212122,4.3790274
seq_1560,3.3168147976721727,3.4858034
seq_1561,4.61906682545902,4.6662483
seq_1562,0.6149548339883443,0.3531069
seq_1563,3.5212961987061804,3.8508503
seq_1564,-0.5788722647242429,-0.23032343
seq_1565,0.1666689257928536,-0.25274658
seq_1566,0.1410680469960546,-0.52649194
seq_1567,2.2780438695533856,2.6616535
seq_1568,3.2308945065005723,3.6065855
seq_1569,3.4723894747728203,3.6006918
seq_1570,3.2886400662519626,4.2395153
seq_1571,1.6910321517783569,1.9946127
seq_1572,3.813796719237581,3.9091854
seq_1573,0.5230932630930188,1.3870159
seq_1574,4.095017082624232,4.80729
seq_1575,4.738629177139042,4.8188653
seq_1576,4.567332720745027,4.777764
seq_1577,3.3396306806018123,3.0912454
seq_1578,2.6832571311692224,2.6887581
seq_1579,4.003867285668087,4.725025
seq_1580,3.1548194838755275,2.417361
seq_1581,2.673236881053041,4.2930427
seq_1582,3.424416881154788,3.010665
seq_1583,1.2043504546558477,1.7966131
seq_1584,0.7586122149314614,-0.19323719
seq_1585,4.738551753351348,4.8218613
seq_1586,1.0578290543961535,-0.018817771
seq_1587,3.602170111305751,1.4660867
seq_1588,3.271178014225704,2.1848903
seq_1589,3.650322670364661,3.1905155
seq_1590,0.6780423788482844,0.93344843
seq_1591,0.3323995049527951,-0.10159415
seq_1592,4.800852518181283,4.1210647
seq_1593,0.2291227371187751,-0.06745635
seq_1594,2.4556217877507334,2.4214797
seq_1595,2.87169775076419,2.248085
seq_1596,2.7787393844342145,2.0200858
seq_1597,1.0571467520935476,1.9067775
seq_1598,1.1573760318890258,1.475099
seq_1599,-0.3726926710060974,-0.065438434
seq_1600,2.628861208142308,1.6536537
seq_1601,3.5184473103823977,4.606304
seq_1602,1.274766943408765,0.92690295
seq_1603,-0.4140241679425588,0.07143399
seq_1604,0.314484052100628,0.5638146
seq_1605,4.192591958200214,4.7207026
seq_1606,0.3473294972141077,0.9793542
seq_1607,4.809381662382145,4.7020655
seq_1608,-1.5880473046471917,-0.04736728
seq_1609,3.88394307808092,3.6545606
seq_1610,3.675712824266992,5.186223
seq_1611,-0.4387420602296255,0.02056479
seq_1612,4.280089451393345,4.86216
seq_1613,3.5588583637190663,2.804052
seq_1614,4.043183960405236,3.0196416
seq_1615,-2.170740637815052,-0.1977607
seq_1616,-0.9783597777162294,0.08206262
seq_1617,4.495973912669298,4.29795
seq_1618,4.757187986503928,4.052354
seq_1619,4.672589998540373,4.2310367
seq_1620,2.4776427665431497,2.7709963
seq_1621,2.3744874315069144,3.4133604
seq_1622,1.026804427117267,0.3002252
seq_1623,4.391154173631823,4.613078
seq_1624,1.06603858726132,-0.14087032
seq_1625,5.176539300313288,5.228809
seq_1626,3.30481254043016,3.3943784
seq_1627,0.1124258121703828,-0.06050164
seq_1628,-0.0023904419632087,-0.16952191
seq_1629,4.067349811735631,3.2523823
seq_1630,4.326797816066455,3.9864197
seq_1631,3.490610337712225,3.2421792
seq_1632,2.6930507298993533,3.3764372
seq_1633,3.530296016074034,3.9145334
seq_1634,-0.0508373552116971,-0.0052077174
seq_1635,-0.642283978490388,0.04141082
seq_1636,2.4974554901381367,3.053256
seq_1637,-0.7192600768369548,0.088073224
seq_1638,-1.1342269214970535,0.20451742
seq_1639,-0.33101233350323,-0.10897648
seq_1640,-0.9985650230886988,-0.2461035
seq_1641,-0.1306537339907394,-0.2480503
seq_1642,2.751187078136327,2.8343344
seq_1643,4.683523461094298,2.9694576
seq_1644,-0.8635580419715883,-0.04268815
seq_1645,2.2395377827328105,2.9655309
seq_1646,3.2299231924059497,4.3701735
seq_1647,-1.3018036545513407,-0.30289248
seq_1648,-0.228052069291181,-0.2419664
seq_1649,0.3509450555140513,0.031077128
seq_1650,-0.3380635577041464,-0.42528963
seq_1651,0.3885442483840944,0.013018236
seq_1652,-0.8730981623588789,-0.09449655
seq_1653,-0.1422677218571606,-0.16505347
seq_1654,3.230317646620412,3.0321627
seq_1655,-0.1884471072342337,-0.23353067
seq_1656,1.919048356979917,2.0128806
seq_1657,-1.6251911708506703,-0.12883969
seq_1658,0.0154568228708613,-0.16110605
seq_1659,-0.8252501117985492,-0.17274255
seq_1660,1.2776525024843863,2.96104
seq_1661,2.46626809287646,2.4818645
seq_1662,3.305157162506996,2.784687
seq_1663,0.8910794867447486,1.6697284
seq_1664,-3.4268478022538016,-0.3298443
seq_1665,0.4153220732869158,-0.16583528
seq_1666,3.0893706499124023,3.03428
seq_1667,1.4207333639290247,1.9215426
seq_1668,0.5102003273895002,0.09861469
seq_1669,5.604511620624332,4.97798
seq_1670,2.795262912265917,5.253998
seq_1671,3.640462036855411,2.4758425
seq_1672,4.448193389882041,4.237706
seq_1673,2.327635926484067,-0.5038014
seq_1674,-1.013306273308119,-0.2013526
seq_1675,3.1370379834382547,3.3371673
seq_1676,4.062900738101924,3.5492394
seq_1677,3.7502679240600014,3.8472133
seq_1678,4.175827196185052,2.8817258
seq_1679,4.158011727086346,3.0607772
seq_1680,4.849227723559356,4.5657372
seq_1681,4.478432174616988,4.0891547
seq_1682,3.6921276359203774,4.3639402
seq_1683,0.5273863030788908,0.65495044
seq_1684,2.539312616459346,2.3214655
seq_1685,4.42891457171665,4.458315
seq_1686,2.2801367498324296,2.454729
seq_1687,2.1053891844429096,2.9576917
seq_1688,0.7696680489642199,-0.12316848
seq_1689,2.299121429383016,1.7629304
seq_1690,5.320547808439456,5.0480957
seq_1691,0.6821179498081019,-0.42877597
seq_1692,0.9425047002042488,2.1213133
seq_1693,3.430340388557744,3.681419
seq_1694,0.6389124884677906,0.103060335
seq_1695,4.340375730440748,4.210185
seq_1696,2.811838891280696,2.7217052
seq_1697,1.103470543610865,-0.4851127
seq_1698,0.352315881934585,1.9050235
seq_1699,4.0361298468463245,4.681507
seq_1700,3.931847835588584,3.071694
seq_1701,-1.0431970107052828,-0.327559
seq_1702,4.638134810205916,4.738308
seq_1703,0.059321960597111,-0.1536053
seq_1704,3.6977821120175407,3.9461422
seq_1705,3.2985858348392427,2.6973698
seq_1706,1.3449069323300389,-0.39156297
seq_1707,-0.0107223247538983,-0.09338917
seq_1708,2.373156197270435,2.7982092
seq_1709,3.148050283792807,3.9926724
seq_1710,1.4149020948387534,1.1941501
seq_1711,1.9115118702528104,1.7521477
seq_1712,5.417439523895399,5.1777487
seq_1713,3.2804929005575656,3.272596
seq_1714,2.064183682162074,1.7835139
seq_1715,4.907529259132047,4.814209
seq_1716,4.551062909239951,5.615514
seq_1717,4.378465006162244,3.8371677
seq_1718,-0.0144526603424408,-0.17760572
seq_1719,0.1975595522657926,-0.3859905
seq_1720,1.405270399495225,-0.26833665
seq_1721,0.7275454616630409,-0.19003464
seq_1722,2.337934546420445,2.1999962
seq_1723,3.0776542745283013,3.0188544
seq_1724,0.7251479141263907,0.36859894
seq_1725,2.1858474652508293,2.869759
seq_1726,4.742361728909033,5.348652
seq_1727,0.3796614630194638,-0.44131774
seq_1728,-0.1279710472757301,0.08721888
seq_1729,-0.4371975554398171,-0.111185014
seq_1730,0.7842549940274175,0.07031357
seq_1731,3.57095815406779,4.5214863
seq_1732,1.2232404569850412,1.0315534
seq_1733,0.1762725337978428,-0.24325228
seq_1734,2.371817099479428,1.8750952
seq_1735,4.692537921410125,4.986966
seq_1736,4.0313080657571385,3.547163
seq_1737,4.763896061995151,4.272261
seq_1738,4.5721460398688345,4.8687496
seq_1739,4.51094947076358,4.049323
seq_1740,3.816813235577961,4.2725315
seq_1741,0.7952788044623563,1.3816224
seq_1742,3.211699673549772,2.6146352
seq_1743,2.945590399382468,3.5591261
seq_1744,4.356570020000166,4.893714
seq_1745,3.741480613497776,4.39986
seq_1746,5.326119621651943,5.0966034
seq_1747,1.966048575952696,3.0962322
seq_1748,2.9109679349228554,2.2732973
seq_1749,2.2508659419486814,1.5732311
seq_1750,3.095599650022565,3.3359077
seq_1751,-0.8849720864463076,-0.066189945
seq_1752,3.3649319368722987,3.0031538
seq_1753,-0.5141760315821274,-0.24668688
seq_1754,3.4919776649282728,4.4607143
seq_1755,1.94142009839634,2.7964706
seq_1756,4.020281151834706,4.580506
seq_1757,1.5562639890173084,0.20765057
seq_1758,2.536297759311992,3.8321736
seq_1759,1.939976711571937,1.8102207
seq_1760,4.169954633655987,4.933876
seq_1761,1.8011695016919165,2.1105316
seq_1762,1.2913147156827494,0.032828573
seq_1763,3.134740032998327,1.2987572
seq_1764,6.284904016551418,5.0267878
seq_1765,2.577872193578468,2.1887774
seq_1766,5.084303930414714,4.86864
seq_1767,0.1119819600045616,-0.20930216
seq_1768,-0.3743864741984922,-0.15893285
seq_1769,4.980404393355612,3.9243596
seq_1770,3.512230932769412,2.3190644
seq_1771,5.272968522936556,4.9712944
seq_1772,1.852731848350716,2.0087266
seq_1773,6.01019029912266,4.5121927
seq_1774,2.1810381940425434,3.2105508
seq_1775,4.166012285494517,3.8865275
seq_1776,0.7580376473708433,1.4425131
seq_1777,-0.1896572535509439,-0.27091977
seq_1778,3.664048901389123,3.5014083
seq_1779,-0.4138781427065239,-0.033908036
seq_1780,-0.3128121440265491,0.017117132
seq_1781,4.357556952719207,5.0580273
seq_1782,1.2160612483670288,-0.1637404
seq_1783,4.143369084406186,3.611689
seq_1784,3.626112906007151,3.4198778
seq_1785,-0.4360558584935323,0.49338004
seq_1786,1.5417714328198695,1.6528665
seq_1787,0.8875569202560071,1.6336697
seq_1788,2.97362238764178,4.0414176
seq_1789,3.3639287842322427,3.2971485
seq_1790,3.1552738047473468,3.288244
seq_1791,2.5206271941770937,2.6180325
seq_1792,1.5247553727205176,2.0640652
seq_1793,4.172361352820113,4.7600064
seq_1794,2.699361257765392,3.389483
seq_1795,2.125309553290168,1.618471
seq_1796,3.101773305878288,3.265016
seq_1797,4.089135219700353,3.157219
seq_1798,1.2075559620864142,1.4798974
seq_1799,2.1964585668286656,2.7074018
seq_1800,1.530714150954683,-0.15440717
seq_1801,3.045486808156928,3.1580467
seq_1802,3.1394195713646376,3.0601938
seq_1803,2.703640274128517,3.2255363
seq_1804,2.006301354770921,1.0996162
seq_1805,1.577362289712107,2.723577
seq_1806,-0.0439528384446485,0.11624344
seq_1807,2.065968747921408,2.396688
seq_1808,1.933929578843549,2.422707
seq_1809,-0.0750737631637092,-0.49179032
seq_1810,-0.1240269360123905,0.17431602
seq_1811,2.8328068060340006,4.007163
seq_1812,3.82535637059326,4.022192
seq_1813,0.1498931153838318,-0.32005385
seq_1814,3.5534411965086328,2.717164
seq_1815,3.0406675445805056,2.711677
seq_1816,1.426922659399284,1.5197664
seq_1817,4.902240004006806,4.202433
seq_1818,-0.2371538332942191,-0.0021461695
seq_1819,-0.6416256378954667,-0.37273055
seq_1820,5.08168744166368,4.842483
seq_1821,4.054584238549071,3.74761
seq_1822,-0.2928641314363953,-0.22255762
seq_1823,5.0773632991279465,4.9258585
seq_1824,-0.2084246506948116,-0.17751636
seq_1825,-0.0671854021338749,-0.20260082
seq_1826,1.819969321930592,1.5700446
seq_1827,3.661284368799526,3.1485932
seq_1828,4.270541771051453,4.972346
seq_1829,-0.8740462067584965,-0.1445785
seq_1830,-1.192374928014625,-0.21324748
seq_1831,3.545885267798994,3.4844003
seq_1832,2.7970324726080578,2.0116322
seq_1833,-1.020684942237832,-0.25756973
seq_1834,4.294288113912809,3.6832507
seq_1835,3.0045454630352606,3.0205874
seq_1836,3.1247117751863107,2.979899
seq_1837,2.30322259902582,3.4322016
seq_1838,0.3780141587036322,-0.41823342
seq_1839,-0.6792087028492713,-0.19942781
seq_1840,3.149705451083031,3.2418156
seq_1841,4.052464878452317,3.1010208
seq_1842,3.128686788740018,2.0330024
seq_1843,0.8022639512430491,3.083362
seq_1844,4.029408267119771,3.523968
seq_1845,3.862289915057017,4.1181602
seq_1846,2.581336414714711,2.083797
seq_1847,1.3954892765716949,1.9798143
seq_1848,3.1750837223114394,3.3234038
seq_1849,-0.0680169658692576,0.7455012
seq_1850,1.357232943387275,-0.054206874
seq_1851,2.666035015898136,1.9307296
seq_1852,1.7707560871308037,3.31858
seq_1853,6.420014447802889,5.2599363
seq_1854,5.150343278085743,4.885723
seq_1855,1.4609912870614494,1.5213565
seq_1856,4.56497501660616,3.8213181
seq_1857,2.571885273704511,1.5753752
seq_1858,0.5006580495502831,-0.3759096
seq_1859,5.110126849792192,4.9374914
seq_1860,-0.8672572014780493,-0.113469765
seq_1861,-0.4706853701199693,-0.051850084
seq_1862,1.4104141209190235,-0.041151162
seq_1863,-0.029527631538087,0.07184945
seq_1864,1.5261118674352687,0.9133649
seq_1865,1.1779691598714532,-0.2676225
seq_1866,-0.0025752687383182,-0.018069182
seq_1867,-0.1163402676515183,-0.24401063
seq_1868,-2.021466251953942,-0.18642326
seq_1869,1.2021821089002518,-0.11245197
seq_1870,3.7265775713273737,3.0014222
seq_1871,1.664635623502311,5.2730074
seq_1872,4.501112357296368,2.7227912
seq_1873,-0.4049829402911309,-0.46465474
seq_1874,1.0634606777013886,-0.025792573
seq_1875,2.780551208197491,3.6216044
seq_1876,-0.2406209101498277,-0.041616697
seq_1877,3.009751242131813,3.1243014
seq_1878,3.9135826219979393,3.3653145
seq_1879,3.906041539373032,3.924042
seq_1880,4.166965398642425,4.3381414
seq_1881,4.879403234477895,4.76686
seq_1882,5.0052118936706025,4.03648
seq_1883,2.5045140994278565,2.6908789
seq_1884,3.5228353425478383,3.9734988
seq_1885,4.05267944148591,2.5983222
seq_1886,3.592511704057141,2.691735
seq_1887,3.471821023170055,3.4767618
seq_1888,0.0042063185638319,-0.28736383
seq_1889,3.195008392495032,3.4337184
seq_1890,-0.7535890067927732,-0.10800496
seq_1891,-0.9826396541157686,-0.3152827
seq_1892,2.966799765580536,2.4965913
seq_1893,3.963777967945525,4.3398213
seq_1894,3.8327287548740223,3.0227962
seq_1895,2.58611760186093,3.3618531
seq_1896,1.2009538849748254,1.2712985
seq_1897,3.365226813878366,3.474069
seq_1898,3.3943237966127087,3.0094335
seq_1899,4.074952870539781,3.7166848
seq_1900,4.666328108810791,3.2373915
seq_1901,-0.957312198020706,-0.22116148
seq_1902,3.357890974268271,3.4267917
seq_1903,-0.9232415747065812,0.008039739
seq_1904,2.602667964544396,3.036019
